"year","actual_time_taken"
"2013","02:17:11.793265"
"1993","02:15:36.222911"
"2002","02:13:50.557678"
"2022","02:13:06.348123"
"2008","02:13:03.438526"
